key,title,group,type,default,reader,consumer,status
settings_scope_info,Область настроек,Настройки камеры,Preference,,,app/src/main/java/com/particlesdevs/photoncamera/ui/settings/SettingsActivity.java,action / information
pref_zsl_buffer_count_key,Кадров в буфере ZSL,Настройки камеры > Съёмка и склейка > Кадры и экспозиция серии,UniversalSeekBarPreference,0,getZslBufferCountValue,app/src/main/java/com/particlesdevs/photoncamera/capture/CaptureController.java,connected; conditional pipeline / device support
pref_antibanding_hz_key,"Частота мерцания, Гц",Настройки камеры > Съёмка и склейка > Кадры и экспозиция серии,EditTextPreference,120,getAntibandingHz,app/src/main/java/com/particlesdevs/photoncamera/processing/parameters/IsoExpoSelector.java,connected; conditional pipeline / device support
pref_remosaic_block_key,Размер цветового блока,Настройки камеры > RAW и ремозаик,ListPreference,4,getRemosaicBlockSize,app/src/main/java/com/particlesdevs/photoncamera/processing/opengl/postpipeline/HexQuadBurst.java; app/src/main/java/com/particlesdevs/photoncamera/processing/opengl/postpipeline/RemosaicCore.java; app/src/main/java/com/particlesdevs/photoncamera/processing/opengl/scripts/ESD4D.java,connected; conditional pipeline / device support
pref_tetra_response_key,Tetra — коррекция периодической сетки,Настройки камеры > RAW и ремозаик,SwitchPreferenceCompat,true,isTetraResponseCorrection,app/src/main/java/com/particlesdevs/photoncamera/processing/opengl/postpipeline/HexQuadBurst.java; app/src/main/java/com/particlesdevs/photoncamera/processing/opengl/postpipeline/RemosaicCore.java,connected; conditional pipeline / device support
pref_remosaic_profile_key,Характер интерполяции,Настройки камеры > RAW и ремозаик,ListPreference,2,getRemosaicProfile,app/src/main/java/com/particlesdevs/photoncamera/processing/opengl/postpipeline/RemosaicCore.java,connected; conditional pipeline / device support
pref_remosaic_steered_key,Интерполяция по направлению,Настройки камеры > RAW и ремозаик,SwitchPreferenceCompat,true,isRemosaicSteered,app/src/main/java/com/particlesdevs/photoncamera/processing/opengl/postpipeline/RemosaicCore.java,connected; conditional pipeline / device support
pref_remosaic_clamp_key,Ограничение цветовых разностей,Настройки камеры > RAW и ремозаик,SwitchPreferenceCompat,true,isRemosaicClampDiffs,app/src/main/java/com/particlesdevs/photoncamera/processing/opengl/postpipeline/RemosaicCore.java,connected; conditional pipeline / device support
pref_remosaic_dump_key,Сохранять выход ремозаика,Настройки камеры > RAW и ремозаик,SwitchPreferenceCompat,false,isRemosaicDump,app/src/main/java/com/particlesdevs/photoncamera/processing/opengl/postpipeline/Remosaic.java,connected; conditional pipeline / device support
pref_remosaic_flatfield_key,Плоское поле блока,Настройки камеры > RAW и ремозаик,SwitchPreferenceCompat,false,isRemosaicFlatField,app/src/main/java/com/particlesdevs/photoncamera/processing/opengl/postpipeline/RemosaicCore.java,connected; conditional pipeline / device support
pref_remosaic_phase_x_key,Фаза по X,Настройки камеры > RAW и ремозаик,UniversalSeekBarPreference,0,getRemosaicPhase,app/src/main/java/com/particlesdevs/photoncamera/processing/opengl/postpipeline/HexQuadBurst.java; app/src/main/java/com/particlesdevs/photoncamera/processing/opengl/postpipeline/RemosaicCore.java,connected; conditional pipeline / device support
pref_remosaic_phase_y_key,Фаза по Y,Настройки камеры > RAW и ремозаик,UniversalSeekBarPreference,0,getRemosaicPhase,app/src/main/java/com/particlesdevs/photoncamera/processing/opengl/postpipeline/HexQuadBurst.java; app/src/main/java/com/particlesdevs/photoncamera/processing/opengl/postpipeline/RemosaicCore.java,connected; conditional pipeline / device support
hexquad_compute,Гибрид CPU + GPU + NPU,Настройки камеры > RAW и ремозаик > Нейроремозаик HP9 > Яркость и модель,Preference,,getHexQuadOptions,app/src/main/cpp/vivo-hexquad-capture.h; app/src/main/java/com/particlesdevs/photoncamera/processing/opengl/postpipeline/HexQuadBurst.java; app/src/main/java/com/particlesdevs/photoncamera/processing/opengl/postpipeline/VivoNeuralClient.java; app/src/main/java/com/particlesdevs/photoncamera/settings/HexQuadOptions.java; app/src/main/java/com/particlesdevs/photoncamera/settings/PreferenceKeys.java,action / information
hexquad_model,Модель реконструкции,Настройки камеры > RAW и ремозаик > Нейроремозаик HP9 > Яркость и модель,ListPreference,2,getHexQuadModelScale,app/src/main/cpp/vivo-hexquad-capture.h; app/src/main/java/com/particlesdevs/photoncamera/processing/opengl/postpipeline/HexQuadBurst.java; app/src/main/java/com/particlesdevs/photoncamera/processing/opengl/postpipeline/VivoNeuralClient.java; app/src/main/java/com/particlesdevs/photoncamera/settings/HexQuadOptions.java; app/src/main/java/com/particlesdevs/photoncamera/settings/PreferenceKeys.java,connected; conditional pipeline / device support
hexquad_noise_overall,Общий множитель шума,Настройки камеры > RAW и ремозаик > Нейроремозаик HP9 > Шумовой профиль — эксперимент,UniversalSeekBarPreference,1,getHexQuadOptions,app/src/main/cpp/vivo-hexquad-capture.h; app/src/main/java/com/particlesdevs/photoncamera/processing/opengl/postpipeline/HexQuadBurst.java; app/src/main/java/com/particlesdevs/photoncamera/processing/opengl/postpipeline/VivoNeuralClient.java; app/src/main/java/com/particlesdevs/photoncamera/settings/HexQuadOptions.java; app/src/main/java/com/particlesdevs/photoncamera/settings/PreferenceKeys.java,connected; conditional pipeline / device support
hexquad_noise_photon,Фотонный шум,Настройки камеры > RAW и ремозаик > Нейроремозаик HP9 > Шумовой профиль — эксперимент,UniversalSeekBarPreference,1,getHexQuadOptions,app/src/main/cpp/vivo-hexquad-capture.h; app/src/main/java/com/particlesdevs/photoncamera/processing/opengl/postpipeline/HexQuadBurst.java; app/src/main/java/com/particlesdevs/photoncamera/processing/opengl/postpipeline/VivoNeuralClient.java; app/src/main/java/com/particlesdevs/photoncamera/settings/HexQuadOptions.java; app/src/main/java/com/particlesdevs/photoncamera/settings/PreferenceKeys.java,connected; conditional pipeline / device support
hexquad_noise_readout,Шум считывания,Настройки камеры > RAW и ремозаик > Нейроремозаик HP9 > Шумовой профиль — эксперимент,UniversalSeekBarPreference,1,getHexQuadOptions,app/src/main/cpp/vivo-hexquad-capture.h; app/src/main/java/com/particlesdevs/photoncamera/processing/opengl/postpipeline/HexQuadBurst.java; app/src/main/java/com/particlesdevs/photoncamera/processing/opengl/postpipeline/VivoNeuralClient.java; app/src/main/java/com/particlesdevs/photoncamera/settings/HexQuadOptions.java; app/src/main/java/com/particlesdevs/photoncamera/settings/PreferenceKeys.java,connected; conditional pipeline / device support
hexquad_luma,Люма — сила нейросглаживания,Настройки камеры > RAW и ремозаик > Нейроремозаик HP9 > Вклад нейросети и детали,UniversalSeekBarPreference,50,getHexQuadLuma,app/src/main/cpp/vivo-hexquad-capture.h; app/src/main/java/com/particlesdevs/photoncamera/processing/opengl/postpipeline/HexQuadBurst.java; app/src/main/java/com/particlesdevs/photoncamera/processing/opengl/postpipeline/VivoNeuralClient.java; app/src/main/java/com/particlesdevs/photoncamera/settings/HexQuadOptions.java; app/src/main/java/com/particlesdevs/photoncamera/settings/PreferenceKeys.java,connected; conditional pipeline / device support
hexquad_chroma,Хрома — сила нейросглаживания,Настройки камеры > RAW и ремозаик > Нейроремозаик HP9 > Вклад нейросети и детали,UniversalSeekBarPreference,100,getHexQuadChroma,app/src/main/cpp/vivo-hexquad-capture.h; app/src/main/java/com/particlesdevs/photoncamera/processing/opengl/postpipeline/HexQuadBurst.java; app/src/main/java/com/particlesdevs/photoncamera/processing/opengl/postpipeline/VivoNeuralClient.java; app/src/main/java/com/particlesdevs/photoncamera/settings/HexQuadOptions.java; app/src/main/java/com/particlesdevs/photoncamera/settings/PreferenceKeys.java,connected; conditional pipeline / device support
hexquad_texture,Адаптивное сохранение текстур,Настройки камеры > RAW и ремозаик > Нейроремозаик HP9 > Вклад нейросети и детали,UniversalSeekBarPreference,0,getHexQuadOptions,app/src/main/cpp/vivo-hexquad-capture.h; app/src/main/java/com/particlesdevs/photoncamera/processing/opengl/postpipeline/HexQuadBurst.java; app/src/main/java/com/particlesdevs/photoncamera/processing/opengl/postpipeline/VivoNeuralClient.java; app/src/main/java/com/particlesdevs/photoncamera/settings/HexQuadOptions.java; app/src/main/java/com/particlesdevs/photoncamera/settings/PreferenceKeys.java,connected; conditional pipeline / device support
hexquad_auto_iso,Люма и хрома по ISO,Настройки камеры > RAW и ремозаик > Нейроремозаик HP9 > Автоматическая сила по ISO,SwitchPreferenceCompat,false,isHexQuadAutoIso,app/src/main/cpp/vivo-hexquad-capture.h; app/src/main/java/com/particlesdevs/photoncamera/processing/opengl/postpipeline/HexQuadBurst.java; app/src/main/java/com/particlesdevs/photoncamera/processing/opengl/postpipeline/VivoNeuralClient.java; app/src/main/java/com/particlesdevs/photoncamera/settings/HexQuadOptions.java; app/src/main/java/com/particlesdevs/photoncamera/settings/PreferenceKeys.java,connected; conditional pipeline / device support
hexquad_iso_low_luma,Люма при ISO 100 и ниже,Настройки камеры > RAW и ремозаик > Нейроремозаик HP9 > Автоматическая сила по ISO,UniversalSeekBarPreference,35,getHexQuadOptions,app/src/main/cpp/vivo-hexquad-capture.h; app/src/main/java/com/particlesdevs/photoncamera/processing/opengl/postpipeline/HexQuadBurst.java; app/src/main/java/com/particlesdevs/photoncamera/processing/opengl/postpipeline/VivoNeuralClient.java; app/src/main/java/com/particlesdevs/photoncamera/settings/HexQuadOptions.java; app/src/main/java/com/particlesdevs/photoncamera/settings/PreferenceKeys.java,connected; conditional pipeline / device support
hexquad_iso_low_chroma,Хрома при ISO 100 и ниже,Настройки камеры > RAW и ремозаик > Нейроремозаик HP9 > Автоматическая сила по ISO,UniversalSeekBarPreference,85,getHexQuadOptions,app/src/main/cpp/vivo-hexquad-capture.h; app/src/main/java/com/particlesdevs/photoncamera/processing/opengl/postpipeline/HexQuadBurst.java; app/src/main/java/com/particlesdevs/photoncamera/processing/opengl/postpipeline/VivoNeuralClient.java; app/src/main/java/com/particlesdevs/photoncamera/settings/HexQuadOptions.java; app/src/main/java/com/particlesdevs/photoncamera/settings/PreferenceKeys.java,connected; conditional pipeline / device support
hexquad_iso_high_luma,Люма при ISO 3200 и выше,Настройки камеры > RAW и ремозаик > Нейроремозаик HP9 > Автоматическая сила по ISO,UniversalSeekBarPreference,70,getHexQuadOptions,app/src/main/cpp/vivo-hexquad-capture.h; app/src/main/java/com/particlesdevs/photoncamera/processing/opengl/postpipeline/HexQuadBurst.java; app/src/main/java/com/particlesdevs/photoncamera/processing/opengl/postpipeline/VivoNeuralClient.java; app/src/main/java/com/particlesdevs/photoncamera/settings/HexQuadOptions.java; app/src/main/java/com/particlesdevs/photoncamera/settings/PreferenceKeys.java,connected; conditional pipeline / device support
hexquad_iso_high_chroma,Хрома при ISO 3200 и выше,Настройки камеры > RAW и ремозаик > Нейроремозаик HP9 > Автоматическая сила по ISO,UniversalSeekBarPreference,100,getHexQuadOptions,app/src/main/cpp/vivo-hexquad-capture.h; app/src/main/java/com/particlesdevs/photoncamera/processing/opengl/postpipeline/HexQuadBurst.java; app/src/main/java/com/particlesdevs/photoncamera/processing/opengl/postpipeline/VivoNeuralClient.java; app/src/main/java/com/particlesdevs/photoncamera/settings/HexQuadOptions.java; app/src/main/java/com/particlesdevs/photoncamera/settings/PreferenceKeys.java,connected; conditional pipeline / device support
scamera_quad_bayer_enabled,Enable Quad Bayer handling,Настройки камеры > RAW и ремозаик > Quad Bayer — совместимость,SwitchPreferenceCompat,false,quadBayerEnabled,app/src/main/java/com/particlesdevs/photoncamera/api/VendorTagUtils.java,connected; conditional pipeline / device support
scamera_quad_bayer_mode,Processing mode,Настройки камеры > RAW и ремозаик > Quad Bayer — совместимость,ListPreference,auto,quadBayerMode,app/src/main/java/com/particlesdevs/photoncamera/api/VendorTagUtils.java,connected; conditional pipeline / device support
scamera_quad_dng_metadata,DNG CFA metadata,Настройки камеры > RAW и ремозаик > Quad Bayer — совместимость,ListPreference,auto,quadDngMetadata,app/src/main/java/com/particlesdevs/photoncamera/processing/DngCreator.java; app/src/main/java/com/particlesdevs/photoncamera/settings/ScameraPreferences.java,connected; conditional pipeline / device support
pref_cfa_key,Bayer Filter Pattern,Настройки камеры > RAW и ремозаик > Quad Bayer — совместимость,ListPreference,-1,getCFAValue,app/src/main/java/com/particlesdevs/photoncamera/api/Settings.java,connected; conditional pipeline / device support
pref_noise_model_profile_key,Профиль модели шума,Настройки камеры > Шумоподавление > Модель шума сенсора,ListPreference,auto,getNoiseModelProfileId,app/src/main/java/com/particlesdevs/photoncamera/processing/render/NoiseModeler.java,connected; conditional pipeline / device support
pref_noise_model_import_key,Импорт модели шума,Настройки камеры > Шумоподавление > Модель шума сенсора,Preference,,,app/src/main/java/com/particlesdevs/photoncamera/processing/render/NoiseModelProfile.java; app/src/main/java/com/particlesdevs/photoncamera/ui/settings/SettingsActivity.java,action / information
pref_noise_model_export_key,Экспорт модели шума,Настройки камеры > Шумоподавление > Модель шума сенсора,Preference,,,app/src/main/java/com/particlesdevs/photoncamera/processing/render/NoiseModelProfile.java,action / information
pref_sharp_usm_enabled_key,Включить Unsharp Mask,Настройки камеры > Резкость и детализация > Unsharp Mask,ManagedSwitchPreference,true,isSharpUsmEnabled,app/src/main/java/com/particlesdevs/photoncamera/processing/opengl/postpipeline/RTSharpening.java,connected; conditional pipeline / device support
pref_sharp_radius_key,Радиус,Настройки камеры > Резкость и детализация > Unsharp Mask,UniversalSeekBarPreference,0.5,getSharpRadius,app/src/main/java/com/particlesdevs/photoncamera/processing/opengl/postpipeline/RTSharpening.java,connected; conditional pipeline / device support
pref_sharp_amount_key,"Сила, %",Настройки камеры > Резкость и детализация > Unsharp Mask,UniversalSeekBarPreference,200,getSharpAmount,app/src/main/java/com/particlesdevs/photoncamera/processing/opengl/postpipeline/RTSharpening.java,connected; conditional pipeline / device support
pref_sharp_contrast_key,"Порог контраста, %",Настройки камеры > Резкость и детализация > Unsharp Mask,UniversalSeekBarPreference,20,getSharpContrast,app/src/main/java/com/particlesdevs/photoncamera/processing/opengl/postpipeline/RTSharpening.java,connected; conditional pipeline / device support
pref_sharp_threshold_bl_key,Узел 1 (начало нарастания),Настройки камеры > Резкость и детализация > Unsharp Mask,UniversalSeekBarPreference,20,getSharpThresholdBottomLeft,app/src/main/java/com/particlesdevs/photoncamera/processing/opengl/postpipeline/RTSharpening.java,connected; conditional pipeline / device support
pref_sharp_threshold_tl_key,Узел 2 (полная сила),Настройки камеры > Резкость и детализация > Unsharp Mask,UniversalSeekBarPreference,80,getSharpThresholdTopLeft,app/src/main/java/com/particlesdevs/photoncamera/processing/opengl/postpipeline/RTSharpening.java,connected; conditional pipeline / device support
pref_sharp_threshold_tr_key,Узел 3 (начало спада),Настройки камеры > Резкость и детализация > Unsharp Mask,UniversalSeekBarPreference,1200,getSharpThresholdTopRight,app/src/main/java/com/particlesdevs/photoncamera/processing/opengl/postpipeline/RTSharpening.java,connected; conditional pipeline / device support
pref_sharp_threshold_br_key,Узел 4 (конец спада),Настройки камеры > Резкость и детализация > Unsharp Mask,UniversalSeekBarPreference,2000,getSharpThresholdBottomRight,app/src/main/java/com/particlesdevs/photoncamera/processing/opengl/postpipeline/RTSharpening.java,connected; conditional pipeline / device support
pref_sharp_edges_only_key,Включить,Настройки камеры > Резкость и детализация > Unsharp Mask,ManagedSwitchPreference,false,isSharpEdgesOnly,app/src/main/java/com/particlesdevs/photoncamera/processing/opengl/postpipeline/RTSharpening.java,connected; conditional pipeline / device support
pref_sharp_edges_radius_key,Радиус детектора,Настройки камеры > Резкость и детализация > Unsharp Mask,UniversalSeekBarPreference,1.9,getSharpEdgesRadius,app/src/main/java/com/particlesdevs/photoncamera/processing/opengl/postpipeline/RTSharpening.java,connected; conditional pipeline / device support
pref_sharp_edges_tolerance_key,Допуск,Настройки камеры > Резкость и детализация > Unsharp Mask,UniversalSeekBarPreference,1800,getSharpEdgesTolerance,app/src/main/java/com/particlesdevs/photoncamera/processing/opengl/postpipeline/RTSharpening.java,connected; conditional pipeline / device support
pref_sharp_halo_control_key,Включить,Настройки камеры > Резкость и детализация > Unsharp Mask,ManagedSwitchPreference,false,isSharpHaloControl,app/src/main/java/com/particlesdevs/photoncamera/processing/opengl/postpipeline/RTSharpening.java,connected; conditional pipeline / device support
pref_sharp_halo_amount_key,"Сила, %",Настройки камеры > Резкость и детализация > Unsharp Mask,UniversalSeekBarPreference,85,getSharpHaloAmount,app/src/main/java/com/particlesdevs/photoncamera/processing/opengl/postpipeline/RTSharpening.java,connected; conditional pipeline / device support
pref_sharp_deconv_enabled_key,Включить RL-деконволюцию,Настройки камеры > Резкость и детализация > RL-деконволюция,ManagedSwitchPreference,false,isSharpDeconvEnabled,app/src/main/java/com/particlesdevs/photoncamera/processing/opengl/postpipeline/RTSharpening.java,connected; conditional pipeline / device support
pref_sharp_deconv_halo_key,"Сила, %",Настройки камеры > Резкость и детализация > RL-деконволюция,UniversalSeekBarPreference,100,getSharpDeconvHalo,app/src/main/java/com/particlesdevs/photoncamera/processing/opengl/postpipeline/RTSharpening.java,connected; conditional pipeline / device support
pref_sharp_deconv_halo_margin_key,Запас на текстуру,Настройки камеры > Резкость и детализация > RL-деконволюция,UniversalSeekBarPreference,0.15,getSharpDeconvHaloMargin,app/src/main/java/com/particlesdevs/photoncamera/processing/opengl/postpipeline/RTSharpening.java,connected; conditional pipeline / device support
pref_sharp_deconv_halo_macro_key,Порог макро-кромки,Настройки камеры > Резкость и детализация > RL-деконволюция,UniversalSeekBarPreference,0.4,getSharpDeconvHaloMacro,app/src/main/java/com/particlesdevs/photoncamera/processing/opengl/postpipeline/RTSharpening.java,connected; conditional pipeline / device support
pref_sharp_deconv_kernel_1_key,Тип ядра PSF,Настройки камеры > Резкость и детализация > RL-деконволюция > Ступень 1,ListPreference,2,getSharpDeconvKernel,app/src/main/java/com/particlesdevs/photoncamera/processing/opengl/postpipeline/RTSharpening.java,connected; conditional pipeline / device support
pref_sharp_deconv_radius_1_key,Радиус,Настройки камеры > Резкость и детализация > RL-деконволюция > Ступень 1,UniversalSeekBarPreference,1.0,getSharpDeconvRadius,app/src/main/java/com/particlesdevs/photoncamera/processing/opengl/postpipeline/RTSharpening.java,connected; conditional pipeline / device support
pref_sharp_deconv_amount_1_key,"Сила, %",Настройки камеры > Резкость и детализация > RL-деконволюция > Ступень 1,UniversalSeekBarPreference,100,getSharpDeconvAmount,app/src/main/java/com/particlesdevs/photoncamera/processing/opengl/postpipeline/RTSharpening.java,connected; conditional pipeline / device support
pref_sharp_deconv_iterations_1_key,Итерации,Настройки камеры > Резкость и детализация > RL-деконволюция > Ступень 1,UniversalSeekBarPreference,3,getSharpDeconvIterations,app/src/main/java/com/particlesdevs/photoncamera/processing/opengl/postpipeline/RTSharpening.java,connected; conditional pipeline / device support
pref_sharp_deconv_damping_1_key,Затухание,Настройки камеры > Резкость и детализация > RL-деконволюция > Ступень 1,UniversalSeekBarPreference,0,getSharpDeconvDamping,app/src/main/java/com/particlesdevs/photoncamera/processing/opengl/postpipeline/RTSharpening.java,connected; conditional pipeline / device support
pref_sharp_deconv_kernel_2_key,Тип ядра PSF,Настройки камеры > Резкость и детализация > RL-деконволюция > Ступень 2,ListPreference,1,getSharpDeconvKernel,app/src/main/java/com/particlesdevs/photoncamera/processing/opengl/postpipeline/RTSharpening.java,connected; conditional pipeline / device support
pref_sharp_deconv_radius_2_key,Радиус,Настройки камеры > Резкость и детализация > RL-деконволюция > Ступень 2,UniversalSeekBarPreference,0.0,getSharpDeconvRadius,app/src/main/java/com/particlesdevs/photoncamera/processing/opengl/postpipeline/RTSharpening.java,connected; conditional pipeline / device support
pref_sharp_deconv_amount_2_key,"Сила, %",Настройки камеры > Резкость и детализация > RL-деконволюция > Ступень 2,UniversalSeekBarPreference,0,getSharpDeconvAmount,app/src/main/java/com/particlesdevs/photoncamera/processing/opengl/postpipeline/RTSharpening.java,connected; conditional pipeline / device support
pref_sharp_deconv_iterations_2_key,Итерации,Настройки камеры > Резкость и детализация > RL-деконволюция > Ступень 2,UniversalSeekBarPreference,0,getSharpDeconvIterations,app/src/main/java/com/particlesdevs/photoncamera/processing/opengl/postpipeline/RTSharpening.java,connected; conditional pipeline / device support
pref_sharp_deconv_damping_2_key,Затухание,Настройки камеры > Резкость и детализация > RL-деконволюция > Ступень 2,UniversalSeekBarPreference,0,getSharpDeconvDamping,app/src/main/java/com/particlesdevs/photoncamera/processing/opengl/postpipeline/RTSharpening.java,connected; conditional pipeline / device support
pref_sharp_deconv_kernel_3_key,Тип ядра PSF,Настройки камеры > Резкость и детализация > RL-деконволюция > Ступень 3,ListPreference,0,getSharpDeconvKernel,app/src/main/java/com/particlesdevs/photoncamera/processing/opengl/postpipeline/RTSharpening.java,connected; conditional pipeline / device support
pref_sharp_deconv_radius_3_key,Радиус,Настройки камеры > Резкость и детализация > RL-деконволюция > Ступень 3,UniversalSeekBarPreference,0.5,getSharpDeconvRadius,app/src/main/java/com/particlesdevs/photoncamera/processing/opengl/postpipeline/RTSharpening.java,connected; conditional pipeline / device support
pref_sharp_deconv_amount_3_key,"Сила, %",Настройки камеры > Резкость и детализация > RL-деконволюция > Ступень 3,UniversalSeekBarPreference,150,getSharpDeconvAmount,app/src/main/java/com/particlesdevs/photoncamera/processing/opengl/postpipeline/RTSharpening.java,connected; conditional pipeline / device support
pref_sharp_deconv_iterations_3_key,Итерации,Настройки камеры > Резкость и детализация > RL-деконволюция > Ступень 3,UniversalSeekBarPreference,3,getSharpDeconvIterations,app/src/main/java/com/particlesdevs/photoncamera/processing/opengl/postpipeline/RTSharpening.java,connected; conditional pipeline / device support
pref_sharp_deconv_damping_3_key,Затухание,Настройки камеры > Резкость и детализация > RL-деконволюция > Ступень 3,UniversalSeekBarPreference,0,getSharpDeconvDamping,app/src/main/java/com/particlesdevs/photoncamera/processing/opengl/postpipeline/RTSharpening.java,connected; conditional pipeline / device support
pref_sharp_micro_enabled_key,Включить микроконтраст,Настройки камеры > Резкость и детализация > Микроконтраст,ManagedSwitchPreference,false,isSharpMicroEnabled,app/src/main/java/com/particlesdevs/photoncamera/processing/opengl/postpipeline/RTSharpening.java,connected; conditional pipeline / device support
pref_sharp_micro_amount_key,Сила,Настройки камеры > Резкость и детализация > Микроконтраст,UniversalSeekBarPreference,20,getSharpMicroAmount,app/src/main/java/com/particlesdevs/photoncamera/processing/opengl/postpipeline/RTSharpening.java,connected; conditional pipeline / device support
pref_sharp_micro_uniformity_key,Однородность,Настройки камеры > Резкость и детализация > Микроконтраст,UniversalSeekBarPreference,5,getSharpMicroUniformity,app/src/main/java/com/particlesdevs/photoncamera/processing/opengl/postpipeline/RTSharpening.java,connected; conditional pipeline / device support
pref_sharp_micro_contrast_key,"Порог контраста, %",Настройки камеры > Резкость и детализация > Микроконтраст,UniversalSeekBarPreference,20,getSharpMicroContrast,app/src/main/java/com/particlesdevs/photoncamera/processing/opengl/postpipeline/RTSharpening.java,connected; conditional pipeline / device support
pref_sharp_micro_matrix_key,Матрица 3x3,Настройки камеры > Резкость и детализация > Микроконтраст,ManagedSwitchPreference,false,isSharpMicroMatrix3x3,app/src/main/java/com/particlesdevs/photoncamera/processing/opengl/postpipeline/RTSharpening.java,connected; conditional pipeline / device support
pref_camera_sounds_key,Camera Sounds,Настройки камеры > Видоискатель и интерфейс,ManagedSwitchPreference,true,isCameraSoundsOn,app/src/main/java/com/particlesdevs/photoncamera/ui/camera/CameraFragment.java,connected; conditional pipeline / device support
pref_hide_gallery_icon_key,Hide Gallery Icon,Настройки камеры > Видоискатель и интерфейс,ManagedSwitchPreference,false,,app/src/main/java/com/particlesdevs/photoncamera/app/PhotonCamera.java; app/src/main/java/com/particlesdevs/photoncamera/ui/settings/SettingsActivity.java,connected; conditional pipeline / device support
pref_live_viewfinder_raw_key,Живой видоискатель из RAW,Настройки камеры > Видоискатель и интерфейс,SwitchPreferenceCompat,false,isLiveViewfinderRawEnabled,app/src/main/java/com/particlesdevs/photoncamera/capture/CaptureController.java; app/src/main/java/com/particlesdevs/photoncamera/ui/camera/views/viewfinder/MainRenderer.java,connected; conditional pipeline / device support
pref_live_viewfinder_look_key,Живой видоискатель,Настройки камеры > Видоискатель и интерфейс,SwitchPreferenceCompat,false,isLiveViewfinderLookEnabled,app/src/main/java/com/particlesdevs/photoncamera/processing/opengl/preview/MainRenderer.java; app/src/main/java/com/particlesdevs/photoncamera/ui/camera/views/viewfinder/MainRenderer.java,connected; conditional pipeline / device support
pref_show_grid_key,Show Grid,Настройки камеры > Видоискатель и интерфейс,ListPreference,0,getGridValue; setGridValue,app/src/main/java/com/particlesdevs/photoncamera/ui/camera/CameraUIController.java; app/src/main/java/com/particlesdevs/photoncamera/ui/camera/viewmodel/SettingsBarEntryProvider.java; app/src/main/java/com/particlesdevs/photoncamera/ui/camera/views/viewfinder/SurfaceViewOverViewfinder.java,connected; conditional pipeline / device support
pref_show_roundedge_key,Enable Round Edges,Настройки камеры > Видоискатель и интерфейс,ManagedSwitchPreference,true,isRoundEdgeOn,app/src/main/java/com/particlesdevs/photoncamera/api/Settings.java; app/src/main/java/com/particlesdevs/photoncamera/ui/camera/views/viewfinder/SurfaceViewOverViewfinder.java,connected; conditional pipeline / device support
pref_af_mode_key,Auto Focus Mode,Настройки камеры > Видоискатель и интерфейс,ListPreference,4,getAfMode,app/src/main/java/com/particlesdevs/photoncamera/capture/CaptureController.java; app/src/main/java/com/particlesdevs/photoncamera/control/TouchFocus.java; app/src/main/java/com/particlesdevs/photoncamera/manual/ParamController.java,connected; conditional pipeline / device support
pref_peak_method_key,Focus Peaking,Настройки камеры > Видоискатель и интерфейс,ListPreference,2,getFocusPeakValue,app/src/main/java/com/particlesdevs/photoncamera/api/Settings.java,connected; conditional pipeline / device support
pref_show_afdata_key,Viewfinder HUD / Debug,Настройки камеры > Видоискатель и интерфейс,ListPreference,0,setDefaults; getAfDataValue,app/src/main/java/com/particlesdevs/photoncamera/ui/camera/CameraActivity.java; app/src/main/java/com/particlesdevs/photoncamera/ui/camera/CameraFragment.java; app/src/main/java/com/particlesdevs/photoncamera/ui/camera/views/viewfinder/SurfaceViewOverViewfinder.java,connected; conditional pipeline / device support
pref_horizon,Show horizon on preview,Настройки камеры > Видоискатель и интерфейс,ManagedSwitchPreference,false,isHorizonOn,app/src/main/java/com/particlesdevs/photoncamera/ui/camera/CameraFragment.java,connected; conditional pipeline / device support
pref_theme_key,Theme,Настройки камеры > Видоискатель и интерфейс > Theme,ListPreference,-1,getThemeValue,app/src/main/java/com/particlesdevs/photoncamera/api/Settings.java; app/src/main/java/com/particlesdevs/photoncamera/gallery/ui/GalleryActivity.java,connected; conditional pipeline / device support
pref_theme_accent_key,Theme Color,Настройки камеры > Видоискатель и интерфейс > Theme,ListPreference,default,setActivityTheme,app/src/main/java/com/particlesdevs/photoncamera/app/base/BaseActivity.java,connected; conditional pipeline / device support
pref_show_gradient_key,Show Gradient Background,Настройки камеры > Видоискатель и интерфейс > Theme,ManagedSwitchPreference,true,setActivityTheme,app/src/main/java/com/particlesdevs/photoncamera/app/base/BaseActivity.java,connected; conditional pipeline / device support
pref_save_per_lens_settings,Сохранять настройки отдельно для линз,Настройки камеры > Камеры и сенсоры,ManagedSwitchPreference,,isPerLensSettingsOn,app/src/main/java/com/particlesdevs/photoncamera/settings/PreferenceKeys.java,connected; conditional pipeline / device support
pref_color_method_key,Color Method,Настройки камеры > Камеры и сенсоры,ListPreference,1,getColorMethodValue,app/src/main/java/com/particlesdevs/photoncamera/api/Settings.java,connected; conditional pipeline / device support
lens_discovery,Lens Discovery,Настройки камеры > Камеры и сенсоры,Preference,,,app/src/main/java/com/particlesdevs/photoncamera/ui/camera/LensDiscoveryActivity.java,action / information
pref_save_raw_key,Save,Настройки камеры > Сохранение и конфигурации,ListPreference,0,isSaveRaw; setSaveRaw,app/src/main/java/com/particlesdevs/photoncamera/api/Settings.java; app/src/main/java/com/particlesdevs/photoncamera/ui/camera/CameraUIController.java; app/src/main/java/com/particlesdevs/photoncamera/ui/camera/viewmodel/SettingsBarEntryProvider.java,connected; conditional pipeline / device support
pref_ultrahdr_key,Ultra HDR,Настройки камеры > Сохранение и конфигурации,ManagedSwitchPreference,false,setDefaults; isUltraHdrOn,app/src/main/java/com/particlesdevs/photoncamera/api/Settings.java; app/src/main/java/com/particlesdevs/photoncamera/ui/camera/CameraActivity.java,connected; conditional pipeline / device support
pref_wide169_key,16:9,Настройки камеры > Сохранение и конфигурации,ManagedSwitchPreference,false,,app/src/main/java/com/particlesdevs/photoncamera/api/Settings.java; app/src/main/java/com/particlesdevs/photoncamera/processing/SaverImplementation.java; app/src/main/java/com/particlesdevs/photoncamera/processing/processor/RawVideoProcessor.java,connected; conditional pipeline / device support
pref_show_watermark_key,Watermark,Настройки камеры > Сохранение и конфигурации,ManagedSwitchPreference,true,isShowWatermarkOn,app/src/main/java/com/particlesdevs/photoncamera/api/Settings.java; app/src/main/java/com/particlesdevs/photoncamera/processing/opengl/postpipeline/RotateWatermark.java,connected; conditional pipeline / device support
pref_backup_preferences_key,Backup,Настройки камеры > Сохранение и конфигурации > Backup/Restore Settings,BackupPreferences,,,app/src/main/java/com/particlesdevs/photoncamera/ui/settings/custompreferences/BackupPreferences.java,action / information
pref_restore_preferences_key,Restore,Настройки камеры > Сохранение и конфигурации > Backup/Restore Settings,RestorePreference,,,app/src/main/java/com/particlesdevs/photoncamera/ui/settings/custompreferences/RestorePreference.java,action / information
pref_reset_preferences_key,Reset All,Настройки камеры > Сохранение и конфигурации > Backup/Restore Settings,ResetPreferences,,,app/src/main/java/com/particlesdevs/photoncamera/ui/settings/custompreferences/ResetPreferences.java,action / information
vivo_neural_probe,Нейроремозаик — проверка и отчёты,Настройки камеры > Система и диагностика,Preference,,,app/src/main/java/com/particlesdevs/photoncamera/ui/settings/VivoNeuralActivity.java,action / information
scamera_full_debug,Полный журнал обработки,Настройки камеры > Система и диагностика,SwitchPreferenceCompat,false,,app/src/main/java/com/particlesdevs/photoncamera/util/ScameraDebugLog.java,connected; conditional pipeline / device support
pref_photoncamera,SCAMERA,Настройки камеры > Система и диагностика > About,Preference,,,app/src/main/java/com/particlesdevs/photoncamera/ui/settings/SettingsActivity.java,action / information
pref_version_key,Version,Настройки камеры > Система и диагностика > About,Preference,,,app/src/main/java/com/particlesdevs/photoncamera/ui/settings/SettingsActivity.java,action / information
pref_this_device_key,,Настройки камеры > Система и диагностика > About,Preference,,,app/src/main/java/com/particlesdevs/photoncamera/ui/settings/SettingsActivity.java,action / information
pref_folders_list,Папки галереи,Галерея > Настройки,MultiSelectListPreference,DCIM,PreferenceKeys.getStringSet(FOLDERS_LIST),app/src/main/java/com/particlesdevs/photoncamera/gallery/ui/fragments/GallerySettingsFragment.java; app/src/main/java/com/particlesdevs/photoncamera/gallery/files/GalleryFileOperations.java; app/src/main/java/com/particlesdevs/photoncamera/gallery/viewmodel/GalleryViewModel.java,connected; MediaStore folders permission required
pref_tunable_camerauiviewimpl_enablequadres,Enable Quad Resolution,Видоискатель > Дополнительные > UI,boolean,0.0f,TunableInjector → CameraUIViewImpl.enableQuadRes,app/src/main/java/com/particlesdevs/photoncamera/ui/camera/CameraUIViewImpl.java,connected; conditions in SettingsAvailability
pref_tunable_parameters_usedynamicblacklevel,Use Dynamic Black Level,Камеры и сенсоры > Дополнительные > Parameters,boolean,0,TunableInjector → Parameters.useDynamicBlackLevel,app/src/main/java/com/particlesdevs/photoncamera/processing/render/Parameters.java,connected; conditions in SettingsAvailability
pref_tunable_parameters_usedynamicwhitelevel,Use Dynamic White Level,Камеры и сенсоры > Дополнительные > Parameters,boolean,1,TunableInjector → Parameters.useDynamicWhiteLevel,app/src/main/java/com/particlesdevs/photoncamera/processing/render/Parameters.java,connected; conditions in SettingsAvailability
pref_tunable_parameters_disablemirror,Disable front mirror,Камеры и сенсоры > Дополнительные > Parameters,boolean,0,TunableInjector → Parameters.disableMirror,app/src/main/java/com/particlesdevs/photoncamera/processing/render/Parameters.java,connected; conditions in SettingsAvailability
pref_sensorconfig_<physicalId>_whiteleveloverride,White Level Override,Камеры и сенсоры > Параметры сенсора,int,,SensorConfigInjector → Parameters.whiteLevelOverride,app/src/main/java/com/particlesdevs/photoncamera/processing/render/Parameters.java,connected; HAL support / active physical sensor required
pref_sensorconfig_<physicalId>_blackleveloverride,Black Level Override,Камеры и сенсоры > Параметры сенсора,float,,SensorConfigInjector → Parameters.blackLevelOverride,app/src/main/java/com/particlesdevs/photoncamera/processing/render/Parameters.java,connected; HAL support / active physical sensor required
pref_sensorconfig_<physicalId>_sessiontype,Session Type,Камеры и сенсоры > Параметры сенсора,int,,SensorConfigInjector → CaptureController.sessionType,app/src/main/java/com/particlesdevs/photoncamera/capture/CaptureController.java,connected; HAL support / active physical sensor required
pref_sensorconfig_<physicalId>_oismode,OIS Mode,Камеры и сенсоры > Параметры сенсора,int,,SensorConfigInjector → CaptureController.oisMode,app/src/main/java/com/particlesdevs/photoncamera/capture/CaptureController.java,connected; HAL support / active physical sensor required
