dump	client	streams	opmode	req zoomRatio	req userZoomRatio	req current_mode	req focalLength	req clientName	res zoomRatio	res focalLength	res lens.state	res current_mode	opt TargetRatio	opt CurrentRatio	opt State	opt AFDac	focalLength35mm	isThirdParty	AF FocalLengthRatio
stock_1.txt	4/24080/org.codeaurora.snapcam	1920 x 1440, format 0x22 + 4080 x 3072, format 0x20	NORMAL (0)	1.00781250	3.22500014	-	19.89999962	com.android.camera	1.00781250	20.04999924	STATIONARY	4	3.40000010	3.40046835	0	19282	71.00000000	1	1.01
stock_2.txt	4/24080/org.codeaurora.snapcam	1920 x 1440, format 0x22 + 4080 x 3072, format 0x20	NORMAL (0)	1.11952579	3.22500014	-	19.89999962	com.android.camera	1.11952579	20.04999924	STATIONARY	4	3.40000010	3.40051579	0	19382	79.00000000	1	1.01
stock_3.txt	4/24080/org.codeaurora.snapcam	1920 x 1440, format 0x22 + 4080 x 3072, format 0x20	NORMAL (0)	1.15731430	3.22500014	-	19.89999962	com.android.camera	-	-	-	-	-	-	-	-	-	-	-
stock_4.txt	4/24080/org.codeaurora.snapcam	1920 x 1440, format 0x22 + 4080 x 3072, format 0x20	NORMAL (0)	1.21304142	3.22500014	-	19.89999962	com.android.camera	1.21304142	20.04999924	STATIONARY	4	3.40000010	3.40051579	0	19260	87.00000000	1	1.01
stock_5.txt	4/24080/org.codeaurora.snapcam	1920 x 1440, format 0x22 + 4080 x 3072, format 0x20	NORMAL (0)	1.34006858	3.22500014	-	19.89999962	com.android.camera	-	-	-	-	-	-	-	-	-	-	-
stock_6.txt	4/24080/org.codeaurora.snapcam	1920 x 1440, format 0x22 + 4080 x 3072, format 0x20	NORMAL (0)	1.34006858	3.22500014	-	19.89999962	com.android.camera	-	-	-	-	-	-	-	-	-	-	-
stock_7.txt	4/24080/org.codeaurora.snapcam	1920 x 1440, format 0x22 + 4080 x 3072, format 0x20	NORMAL (0)	1.55809903	3.22500014	-	19.89999962	com.android.camera	-	-	-	-	-	-	-	-	-	-	-
stock_8.txt	4/24080/org.codeaurora.snapcam	1920 x 1440, format 0x22 + 4080 x 3072, format 0x20	NORMAL (0)	1.01307058	3.22500014	9	19.89999962	com.android.camera	-	-	-	-	-	-	-	-	-	-	-
scamera_1.txt	4/24080/org.codeaurora.snapcam	1920 x 1440, format 0x22 + 4080 x 3072, format 0x20	NORMAL (0)	1.00781250	3.22500014	-	19.89999962	com.android.camera	1.00781250	20.04999924	STATIONARY	4	3.40000010	3.40046835	0	19426	71.00000000	1	1.01
scamera_2.txt	4/24080/org.codeaurora.snapcam	1920 x 1440, format 0x22 + 4080 x 3072, format 0x20	NORMAL (0)	1.12594378	3.22500014	-	19.89999962	com.android.camera	1.12594378	20.04999924	STATIONARY	4	3.40000010	3.40046835	0	19448	80.00000000	1	1.01
scamera_3.txt	4/24080/org.codeaurora.snapcam	1920 x 1440, format 0x22 + 4080 x 3072, format 0x20	NORMAL (0)	1.24367905	3.22500014	-	19.89999962	com.android.camera	-	-	-	-	-	-	-	-	-	-	-
scamera_4.txt	4/24080/org.codeaurora.snapcam	1920 x 1440, format 0x22 + 4080 x 3072, format 0x20	NORMAL (0)	1.34339559	3.22500014	-	19.89999962	com.android.camera	1.34339559	20.04999924	STATIONARY	4	3.40000010	3.40046835	0	19464	100.00000000	1	1.01
scamera_5.txt	4/24080/org.codeaurora.snapcam	1920 x 1440, format 0x22 + 4080 x 3072, format 0x20	NORMAL (0)	1.56457698	3.22500014	-	19.89999962	com.android.camera	-	-	-	-	-	-	-	-	-	-	-
scamera_6.txt	4/24080/org.codeaurora.snapcam	1920 x 1440, format 0x22 + 4080 x 3072, format 0x20	NORMAL (0)	1.01041305	3.22500014	9	19.89999962	com.android.camera	1.01041305	20.04999924	STATIONARY	9	3.40000010	3.40042067	0	19458	71.00000000	1	1.01
scamera_7.txt	4/24080/org.codeaurora.snapcam	1920 x 1440, format 0x22 + 4080 x 3072, format 0x20	NORMAL (0)	1.17808950	3.22500014	9	19.89999962	com.android.camera	1.17808950	20.04999924	STATIONARY	9	3.40000010	3.40051579	0	19468	84.00000000	1	1.01
scamera_8.txt	4/24080/org.codeaurora.snapcam	1920 x 1440, format 0x22 + 4080 x 3072, format 0x20	NORMAL (0)	1.34375000	3.22500014	9	19.89999962	com.android.camera	1.34375000	20.04999924	STATIONARY	9	3.40000010	3.40042067	0	19466	100.00000000	1	1.01
